{
  "@context": [
    "https://www.w3.org/2018/credentials/v1"
  ],
  "id": "did:ebsi-eth:00000001/credentials/1872",
  "type": [
    "VerifiableCredential",
    "VerifiableAttestation",
    "Europass"
  ],
  "issuer": "did:ebsi:00000001",
  "issuanceDate": "2019-06-22T14:11:44Z",
  "credentialSubject": {
    "@id": "did:essif:123121",
    "currentFamilyName": "Skywalker",
    "currentGivenName": "Lea",
    "dateOfBirth": "2021-02-15",
    "mailBox": {
      "@uri": "mailto:leaskywalker@gmail.com"
    }
  },
  "learningAchievement": {
    "@id": "urn:epass:learningAchievement:1",
    "title": {
      "text": {
        "@content-type": "text/plain",
        "@lang": "en",
        "#text": "Degree in Biology"
      }
    },
    "specifiedBy": {
      "@idref": "urn:epass:qualification:1"
    }
  },
  "learningSpecificationReferences": {
    "qualification": {
      "@id": "urn:epass:qualification:1",
      "title": {
        "text": {
          "@content-type": "text/plain",
          "@lang": "en",
          "#text": "Degree in Biology"
        }
      },
      "awardingOpportunities": null,
      "eqfLevel": {
        "@targetFrameworkUrl": "http://data.europa.eu/snb/eqf/25831c2",
        "@targetNotation": "eqf",
        "@uri": "http://data.europa.eu/snb/eqf/7",
        "targetName": {
          "text": {
            "@content-type": "text/plain",
            "@lang": "en",
            "#text": "Level 7"
          }
        }
      }
    }
  },
  "targetDescription": {
    "text": {
      "@content-type": "text/plain",
      "@lang": "en",
      "#text": "Highly specialised knowledge, some of which is at the forefront of knowledge in a field of work or study, as the basis for original thinking and/or research <html:br><\/html:br>critical awareness of knowledge issues in a field and at the interface between different fields <\/html:div> <html:div xmlns:html=\"http://www.w3.org/1999/xhtml\" class=\"Skill\">specialised problem-solving skills required in research and/or innovation in order to develop new knowledge and procedures and to integrate knowledge from different fields<\/html:div> <html:div xmlns:html=\"http://www.w3.org/1999/xhtml\" class=\"Competence\">manage and transform work or study contexts that are complex, unpredictable and require new strategic approaches <html:br><\/html:br>take responsibility for contributing to professional knowledge and practice and/or for reviewing the strategic performance of teams"
    }
  },
  "targetFrameworkName": {
    "text": {
      "@content-type": "text/plain",
      "@lang": "en",
      "#text": "European Qualifications Framework for lifelong learning - (2008/C 111/01)"
    }
  },
  "credentialStatus": {
    "id": "https://essif.europa.eu/status/43",
    "type": "CredentialsStatusList2020"
  },
  "credentialSchema": {
    "id": "https://essif.europa.eu/tsr-123/verifiableattestation.json",
    "type": "JsonSchemaValidator2018"
  },
  "evidence": {
    "id": "https://essif.europa.eu/evidence/f2aeec97-fc0d-42bf-8ca7-0548192d4231",
    "type": [
      "DocumentVerification, Assessment"
    ],
    "verifier": "https:// essif.europa.eu /issuers/48",
    "evidenceDocument": [
      "Passport",
      "Assessment"
    ]
  }
}
